ac_number,constituency,winner_2021,party_2021,votes_2021,runner_up_votes_2021,margin_2021,reserved_2021,region_2021,year_2021,winner_2026,party_2026,votes_2026,runner_up_votes_2026,margin_2026,reserved_2026,region_2026,year_2026,flipped,from_to
2,Ponneri,DURAI. CHANDRASEKAR,INC,94528,84839,9689,SC,Chennai Metro,2021,DR.RAVI.M.S,TVK,110439,54671,55768,SC,Chennai Metro,2026,True,INC → TVK
3,Tiruttani,S.Chandran,DMK,120314,91061,29253,GEN,Chennai Metro,2021,G.HARI,AIADMK,89169,83376,5793,GEN,Chennai Metro,2026,True,DMK → AIADMK
4,Thiruvallur,"RAAJENDRAN, V.G.",DMK,107709,85008,22701,GEN,Chennai Metro,2021,DR. T. ARUNKUMAR,TVK,92190,67430,24760,GEN,Chennai Metro,2026,True,DMK → TVK
5,Poonamallee,Krishnaswamy A,DMK,149578,55468,94110,SC,Chennai Metro,2021,PRAKASAM.R,TVK,161309,88569,72740,SC,Chennai Metro,2026,True,DMK → TVK
6,Avadi,Nasar S M,DMK,150287,95012,55275,GEN,Chennai Metro,2021,R.RAMESH KUMAR,TVK,180384,104073,76311,GEN,Chennai Metro,2026,True,DMK → TVK
7,Maduravoyal,GANAPATHY.K,DMK,121298,89577,31721,GEN,Chennai Metro,2021,RHEVANTH CHARAN,TVK,141725,80216,61509,GEN,Chennai Metro,2026,True,DMK → TVK
8,Ambattur,JOSEPH SAMUEL,DMK,114554,72408,42146,GEN,Chennai Metro,2021,BALAMURUGAN.G,TVK,133339,74558,58781,GEN,Chennai Metro,2026,True,DMK → TVK
9,Madavaram,SUDHARSANAM. S,DMK,151485,94414,57071,GEN,Chennai Metro,2021,M.L.VIJAYPRABHU,TVK,190462,95477,94985,GEN,Chennai Metro,2026,True,DMK → TVK
10,Thiruvottiyur,K.P.SHANKAR,DMK,88185,50524,37661,GEN,Chennai Metro,2021,SENTHIL KUMAR. N,TVK,110067,56503,53564,GEN,Chennai Metro,2026,True,DMK → TVK
12,Perambur,SHEKAR. R.D,DMK,105267,50291,54976,GEN,Chennai Metro,2021,C. JOSEPH VIJAY,TVK,120365,66650,53715,GEN,Chennai Metro,2026,True,DMK → TVK
13,Kolathur,M.K. STALIN,DMK,105522,35138,70384,GEN,Chennai Metro,2021,V. S. BABU,TVK,82997,74202,8795,GEN,Chennai Metro,2026,True,DMK → TVK
14,Villivakkam,A . Vetriazhagan,DMK,76127,38890,37237,GEN,Chennai Metro,2021,AADHAV ARJUNA,TVK,66445,49143,17302,GEN,Chennai Metro,2026,True,DMK → TVK
15,Thiru-Vi-Ka-Nagar,SIVAKUMAR.P,DMK,81727,26714,55013,SC,Chennai Metro,2021,M. R. PALLAVI,TVK,69125,46792,22333,SC,Chennai Metro,2026,True,DMK → TVK
16,Egmore,I.PARANTHAMEN,DMK,68832,30064,38768,SC,Chennai Metro,2021,RAJMOHAN,TVK,53901,43097,10804,SC,Chennai Metro,2026,True,DMK → TVK
17,Royapuram,MURTHY.R.IDREAM,DMK,64424,36645,27779,GEN,Chennai Metro,2021,K.V. VIJAY DAMU,TVK,59091,44842,14249,GEN,Chennai Metro,2026,True,DMK → TVK
18,Harbour,SEKARBABU. P.K,DMK,59317,32043,27274,GEN,Chennai Metro,2021,P K SEKARBABU,DMK,45254,33504,11750,GEN,Chennai Metro,2026,False,DMK → DMK
19,Chepauk-Thiruvallikeni,UDHAYANIDHI STALIN,DMK,93285,23930,69355,GEN,Chennai Metro,2021,UDHAYANIDHI STALIN,DMK,62992,55852,7140,GEN,Chennai Metro,2026,False,DMK → DMK
20,Thousand Lights,EZHILAN N,DMK,71867,39405,32462,GEN,Chennai Metro,2021,PRABHAKAR.J.C.D,TVK,58965,43824,15141,GEN,Chennai Metro,2026,True,DMK → TVK
21,Anna Nagar,M.K. Mohan,DMK,80054,52609,27445,GEN,Chennai Metro,2021,V.K.RAMKUMAR,TVK,71375,50012,21363,GEN,Chennai Metro,2026,True,DMK → TVK
22,Virugampakkam,AMV.PRABHAKARA RAJA,DMK,74351,55984,18367,GEN,Chennai Metro,2021,SABARINATHAN.R,TVK,76092,49006,27086,GEN,Chennai Metro,2026,True,DMK → TVK
23,Saidapet,SUBRAMANIAN. MA,DMK,80194,50786,29408,GEN,Chennai Metro,2021,ARUL PRAKASAM. M,TVK,81205,52691,28514,GEN,Chennai Metro,2026,True,DMK → TVK
25,Mylapore,VELU.DHA,DMK,68392,55759,12633,GEN,Chennai Metro,2021,VENKATARAMANAN. P,TVK,70070,41098,28972,GEN,Chennai Metro,2026,True,DMK → TVK
26,Velachery,JMH.AASSAN MAULAANA,INC,68493,64141,4352,GEN,Chennai Metro,2021,KUMAR. R,TVK,80430,47125,33305,GEN,Chennai Metro,2026,True,INC → TVK
27,Shozhinganallur,S.ARAVINDRAMESH,DMK,171558,136153,35405,GEN,Chennai Metro,2021,ECR P SARAVANAN,TVK,220382,123602,96780,GEN,Chennai Metro,2026,True,DMK → TVK
28,Alandur,T.M.Anbarasan,DMK,116785,76214,40571,GEN,Chennai Metro,2021,M.HARISH,TVK,112205,82596,29609,GEN,Chennai Metro,2026,True,DMK → TVK
29,Sriperumbudur,SELVAPERUNTHAGAI,INC,115353,104474,10879,SC,Chennai Metro,2021,THENNARASU.K,TVK,147611,93365,54246,SC,Chennai Metro,2026,True,INC → TVK
30,Pallavaram,KARUNANITHI,DMK,126427,88646,37781,GEN,Chennai Metro,2021,J.KAMATCHI,TVK,133611,78918,54693,GEN,Chennai Metro,2026,True,DMK → TVK
31,Tambaram,Raja.S.R,DMK,116840,80016,36824,GEN,Chennai Metro,2021,D.SARATHKUMAR,TVK,118967,83346,35621,GEN,Chennai Metro,2026,True,DMK → TVK
32,Chengalpattu,VARALAKSHMI.M,DMK,130573,103908,26665,GEN,Chennai Metro,2021,S. THIYAGARAJAN,TVK,137136,101495,35641,GEN,Chennai Metro,2026,True,DMK → TVK
33,Thiruporur,S.S.Balaji,VCK,93954,92007,1947,GEN,North,2021,B.VIJAYARAJ,TVK,110095,70744,39351,GEN,North,2026,True,VCK → TVK
34,Cheyyur,Babu M,VCK,82750,78708,4042,SC,North,2021,RAJASEKAR. E,AIADMK,63809,58141,5668,SC,North,2026,True,VCK → AIADMK
36,Uthiramerur,SUNDAR K,DMK,93427,91805,1622,GEN,North,2021,MUNIRATHINAM.J,TVK,84917,70694,14223,GEN,North,2026,True,DMK → TVK
37,Kancheepuram,C.V.M.P. Ezhailzrasan,DMK,102712,91117,11595,GEN,North,2021,R.V. RANJITHKUMAR,TVK,91350,75862,15488,GEN,North,2026,True,DMK → TVK
40,Katpadi,DURAIMURUGAN,DMK,85140,84394,746,GEN,North,2021,DR M SUDHAKAR,TVK,69868,63998,5870,GEN,North,2026,True,DMK → TVK
41,Ranipet,R.GANDHI,DMK,103291,86793,16498,GEN,North,2021,THAHIRA,TVK,91149,85362,5787,GEN,North,2026,True,DMK → TVK
42,Arcot,J.L.Eswarappan,DMK,103885,83927,19958,GEN,North,2021,S.M.SUKUMAR,AIADMK,105608,62888,42720,GEN,North,2026,True,DMK → AIADMK
43,Vellore,Karthikeyan .P,DMK,84299,75118,9181,GEN,North,2021,M.M.VINOTH KANNAN,TVK,73032,66255,6777,GEN,North,2026,True,DMK → TVK
44,Anaikattu,A.P.Nandakumar,DMK,95159,88799,6360,GEN,North,2021,D.VELAZHAGAN,AIADMK,76302,69221,7081,GEN,North,2026,True,DMK → AIADMK
45,Kilvaithinankuppam,M.JAGAN MOORTHY,AIADMK,84579,73997,10582,SC,North,2021,THENRAL KUMAR. E,TVK,74305,54050,20255,SC,North,2026,True,AIADMK → TVK
48,Ambur,VILWANATHAN.A.C,DMK,90476,70244,20232,GEN,North,2021,VILWANATHAN. A.C.,DMK,74102,66971,7131,GEN,North,2026,False,DMK → DMK
49,Jolarpet,DEVARAJI.K.,DMK,89490,88399,1091,GEN,North,2021,VEERAMANI K.C.,AIADMK,78633,62550,16083,GEN,North,2026,True,DMK → AIADMK
50,Tiruppattur,A. NALLATHAMBI,DMK,96522,68282,28240,GEN,North,2021,DR.THIRUPATHI. N,TVK,105098,56835,48263,GEN,North,2026,True,DMK → TVK
51,Uthangarai,T.M.TAMILSELVAM,AIADMK,99675,71288,28387,SC,North,2021,N ELAIYARAJA,TVK,70201,65003,5198,SC,North,2026,True,AIADMK → TVK
52,Bargur,MATHIAZHAGAN D,DMK,97256,84642,12614,GEN,North,2021,E.C. GOVINDARASAN,AIADMK,71240,66999,4241,GEN,North,2026,True,DMK → AIADMK
53,Krishnagiri,Ashokkumar.K,AIADMK,96050,95256,794,GEN,North,2021,MUKUNDHAN.P,TVK,89374,70530,18844,GEN,North,2026,True,AIADMK → TVK
54,Veppanahalli,K.P.Munusamy,AIADMK,94104,91050,3054,GEN,North,2021,SRINIVASAN.P.S,DMK,74691,74553,138,GEN,North,2026,True,AIADMK → DMK
55,Hosur,PRAKAASH Y,DMK,118231,105864,12367,GEN,North,2021,BALAKRISHNAREDDY. P,AIADMK,109867,82064,27803,GEN,North,2026,True,DMK → AIADMK
56,Thalli,RAMACHANDRAN.T,CPI,120641,64415,56226,GEN,North,2021,RAMACHANDRAN. T,CPI,78283,73043,5240,GEN,North,2026,False,CPI → CPI
58,Pennagaram,MANI. G.K,PMK,106123,84937,21186,GEN,North,2021,GAJENDRAN. S.,TVK,81240,78075,3165,GEN,North,2026,True,PMK → TVK
59,Dharmapuri,VENKATESHWARAN.S.P.,PMK,105630,78770,26860,GEN,North,2021,SOWMIYA ANBUMANI,PMK,93713,72817,20896,GEN,North,2026,False,PMK → PMK
61,Harur,SAMPATHKUMAR.V,AIADMK,99061,68699,30362,SC,North,2021,SAMPATHKUMAR. V,AIADMK,75523,72194,3329,SC,North,2026,False,AIADMK → AIADMK
62,Chengam,GIRI.M.P,DMK,108081,96511,11570,SC,North,2021,S.VELU,AIADMK,87802,74524,13278,SC,North,2026,True,DMK → AIADMK
63,Tiruvannamalai,E V VELU,DMK,137876,43203,94673,GEN,North,2021,VELU. E.V,DMK,88273,85818,2455,GEN,North,2026,False,DMK → DMK
64,Kilpennathur,K.Pitchandi,DMK,104675,77888,26787,GEN,North,2021,RAMACHANDRAN.S,AIADMK,90503,60038,30465,GEN,North,2026,True,DMK → AIADMK
65,Kalasapakkam,Saravanan.P.S.T,DMK,94134,84912,9222,GEN,North,2021,AGRI KRISHNAMURTHY. S S,AIADMK,89629,62889,26740,GEN,North,2026,True,DMK → AIADMK
66,Polur,Agri KRISHNAMURTHY. S S,AIADMK,97732,88007,9725,GEN,North,2021,ABISHEK. R,TVK,67961,67734,227,GEN,North,2026,True,AIADMK → TVK
67,Arani,S.RAMACHANDRAN,AIADMK,102961,99833,3128,GEN,North,2021,JAYASUDHA. L,AIADMK,76735,71104,5631,GEN,North,2026,False,AIADMK → AIADMK
68,Cheyyar,JOTHI. O,DMK,102460,90189,12271,GEN,North,2021,MUKKUR N. SUBRAMANIAN,AIADMK,86680,65599,21081,GEN,North,2026,True,DMK → AIADMK
69,Vandavasi,Ambethkumar S,DMK,102064,66111,35953,SC,North,2021,AMBETHKUMAR. S,DMK,63805,60472,3333,SC,North,2026,False,DMK → DMK
70,Gingee,MASTHAN K S,DMK,109625,73822,35803,GEN,Central,2021,GANESHKUMAR A,PMK,78201,65556,12645,GEN,Central,2026,True,DMK → PMK
71,Mailam,SIVAKUMAR C,PMK,81044,78814,2230,GEN,Central,2021,SHANMUGAM C VE,AIADMK,82353,52312,30041,GEN,Central,2026,True,PMK → AIADMK
72,Tindivanam,ARJUNAN P,AIADMK,87152,77399,9753,SC,Central,2021,VANNI ARASU,VCK,63833,63099,734,SC,Central,2026,True,AIADMK → VCK
73,Vanur,CHAKRAPANI M,AIADMK,92219,70492,21727,SC,Central,2021,GOWTHAM D,DMK,68873,61839,7034,SC,Central,2026,True,AIADMK → DMK
75,Vikravandi,PUGAZHENTHI N,DMK,93730,84157,9573,GEN,Central,2021,SIVAKUMAR C,PMK,69727,68817,910,GEN,Central,2026,True,DMK → PMK
76,Tirukkoyilur,K.PONMUDY,DMK,110980,51300,59680,GEN,Central,2021,PALANISAMY S,AIADMK,73033,72748,285,GEN,Central,2026,True,DMK → AIADMK
79,Sankarapuram,UDHAYASURIYAN T,DMK,121186,75223,45963,GEN,Central,2021,RAKESH R,AIADMK,80250,76810,3440,GEN,Central,2026,True,DMK → AIADMK
80,Kallakurichi,Senthilkumar.M,AIADMK,110643,84752,25891,SC,Central,2021,ARUL VIGNESH C,TVK,81132,80334,798,SC,Central,2026,True,AIADMK → TVK
81,Gangavalli,"NALLATHAMBI,A.",AIADMK,89568,82207,7361,SC,Central,2021,NALLATHAMBI. A,AIADMK,73167,58763,14404,SC,Central,2026,False,AIADMK → AIADMK
82,Attur,"JAYASANKARAN, A.P.",AIADMK,95308,87051,8257,SC,Central,2021,JAYASANKARAN. A.P.,AIADMK,80843,65525,15318,SC,Central,2026,False,AIADMK → AIADMK
83,Yercaud,G. Chitra,AIADMK,121561,95606,25955,ST,Central,2021,USHARANI. P,AIADMK,87772,85583,2189,ST,Central,2026,False,AIADMK → AIADMK
84,Omalur,R.MANI,AIADMK,142488,87194,55294,GEN,Central,2021,MANI. R,AIADMK,112246,97707,14539,GEN,Central,2026,False,AIADMK → AIADMK
85,Mettur,SADHASIVAM.S,PMK,97055,96399,656,GEN,Central,2021,VENKATACHALAM. G,AIADMK,86498,67393,19105,GEN,Central,2026,True,PMK → AIADMK
87,Sankari,"SUNDARARAJAN, S.",AIADMK,115472,95427,20045,GEN,Central,2021,VETRIVEL. S,AIADMK,87342,77825,9517,GEN,Central,2026,False,AIADMK → AIADMK
88,Salem (West),ARUL. R,PMK,105483,83984,21499,GEN,Central,2021,LAKSHMANAN.S,TVK,120407,45540,74867,GEN,Central,2026,True,PMK → TVK
89,Salem (North),R. RAJENDRAN,DMK,93432,85844,7588,GEN,Central,2021,SIVAKUMAR. K,TVK,85710,71676,14034,GEN,Central,2026,True,DMK → TVK
90,Salem (South),E.BALASUBRAMANIAN,AIADMK,97506,74897,22609,GEN,Central,2021,VIJAY TAMILAN PARTHIBAN. A,TVK,91371,58002,33369,GEN,Central,2026,True,AIADMK → TVK
91,Veerapandi,"RAJAMUTHU, M.",AIADMK,111682,91787,19895,GEN,Central,2021,PALANIVEL. M.S,TVK,79907,75836,4071,GEN,Central,2026,True,AIADMK → TVK
92,Rasipuram,MATHIVENTHAN M,DMK,90727,88775,1952,SC,Central,2021,LOGESH TAMILSELVAN D,TVK,74808,60297,14511,SC,Central,2026,True,DMK → TVK
94,Namakkal,RAMALINGAM P,DMK,106494,78633,27861,GEN,Central,2021,DILIP C S,TVK,79744,68736,11008,GEN,Central,2026,True,DMK → TVK
95,Paramathi-Velur,SEKAR S,AIADMK,86034,78372,7662,GEN,Central,2021,SEKAR S,AIADMK,61349,61041,308,GEN,Central,2026,False,AIADMK → AIADMK
97,Kumarapalayam,THANGAMANI.P,AIADMK,100800,69154,31646,GEN,Central,2021,C.VIJAYALAKSHMI,TVK,81179,73483,7696,GEN,Central,2026,True,AIADMK → TVK
98,Erode (East),"THIRUMAHAN EVERAA,E.",INC,67300,58396,8904,GEN,Kongu,2021,M.VIJAY BALAJI,TVK,69747,45781,23966,GEN,Kongu,2026,True,INC → TVK
99,Erode (West),Muthusamy S,DMK,100757,78668,22089,GEN,Kongu,2021,ANANTH MOGHAN K.K.,TVK,96836,74586,22250,GEN,Kongu,2026,True,DMK → TVK
101,Dharapuram,KAYALVIZHI N,DMK,89986,88593,1393,SC,Kongu,2021,SATHYABAMA.P,AIADMK,81100,64373,16727,SC,Kongu,2026,True,DMK → AIADMK
102,Kangayam,SAMINATHAN.M.P,DMK,94197,86866,7331,GEN,Kongu,2021,NSN NATARAJ,AIADMK,71122,62989,8133,GEN,Kongu,2026,True,DMK → AIADMK
103,Perundurai,"JAYAKUMAR, S.",AIADMK,85125,70618,14507,GEN,Kongu,2021,JAYAKUMAR. S,AIADMK,70302,60609,9693,GEN,Kongu,2026,False,AIADMK → AIADMK
104,Bhavani,KARUPPANAN.K.C,AIADMK,100915,78392,22523,GEN,Kongu,2021,KARUPPANAN. K.C,AIADMK,75577,68181,7396,GEN,Kongu,2026,False,AIADMK → AIADMK
105,Anthiyur,VENKATACHALAM.A.G,DMK,79096,77821,1275,GEN,Kongu,2021,HARIBASKAR.P,AIADMK,60042,58782,1260,GEN,Kongu,2026,True,DMK → AIADMK
106,Gobichettipalayam,SENGOTTAIYAN K.A,AIADMK,108608,80045,28563,GEN,Kongu,2021,SENGOTTAIYAN.K.A,TVK,82612,65992,16620,GEN,Kongu,2026,True,AIADMK → TVK
107,Bhavanisagar,A.Bannari,AIADMK,99181,83173,16008,SC,Kongu,2021,V.P.TAMILSELVI,TVK,72391,67822,4569,SC,Kongu,2026,True,AIADMK → TVK
108,Udhagamandalam,"GANESH, R.",INC,65530,60182,5348,GEN,Kongu,2021,BHOJARAJAN.M,BJP,48488,47512,976,GEN,Kongu,2026,True,INC → BJP
109,Gudalur,PON.JAYASEELAN,AIADMK,64496,62551,1945,SC,Kongu,2021,DHRAVIDAMANI.M,DMK,65590,42757,22833,SC,Kongu,2026,True,AIADMK → DMK
110,Coonoor,"Ramachandran, K.",DMK,61820,57715,4105,GEN,Kongu,2021,M. RAJU,DMK,50470,42371,8099,GEN,Kongu,2026,False,DMK → DMK
112,Avanashi,"DHANAPAL, P",AIADMK,117284,66382,50902,SC,Kongu,2021,KAMALI.S,TVK,84209,68836,15373,SC,Kongu,2026,True,AIADMK → TVK
113,Tiruppur (North),VIJEYAKUMAR.K.N,AIADMK,113384,73282,40102,GEN,Kongu,2021,V.SATHYABAMA,TVK,131401,61409,69992,GEN,Kongu,2026,True,AIADMK → TVK
114,Tiruppur (South),SELVARAJ. K.,DMK,75535,70826,4709,GEN,Kongu,2021,BALAMURUGAN. S,TVK,73793,60892,12901,GEN,Kongu,2026,True,DMK → TVK
115,Palladam,ANANDAN M S M,AIADMK,126903,94212,32691,GEN,Kongu,2021,K.RAMKUMAR,TVK,121297,83400,37897,GEN,Kongu,2026,True,AIADMK → TVK
116,Sulur,KANDASAMY V.P.,AIADMK,118968,87036,31932,GEN,Kongu,2021,NM.SUKUMAR,TVK,90531,85741,4790,GEN,Kongu,2026,True,AIADMK → TVK
117,Kavundampalayam,G.Arunkumar,AIADMK,135669,125893,9776,GEN,Kongu,2021,KANIMOZHI SANTHOSH,TVK,146466,104326,42140,GEN,Kongu,2026,True,AIADMK → TVK
119,Thondamuthur,S.P. VELUMANI,AIADMK,124225,82595,41630,GEN,Kongu,2021,S.P.VELUMANI,AIADMK,93316,78591,14725,GEN,Kongu,2026,False,AIADMK → AIADMK
121,Singanallur,"Jayaram, K.R",AIADMK,81244,70390,10854,GEN,Kongu,2021,K.S.SRI GIRI PRASATH,TVK,84163,65024,19139,GEN,Kongu,2026,True,AIADMK → TVK
122,Kinathukadavu,Damodaran.S,AIADMK,101537,100442,1095,GEN,Kongu,2021,VIGNESH K,TVK,99950,88240,11710,GEN,Kongu,2026,True,AIADMK → TVK
123,Pollachi,Pollachi V. Jayaraman,AIADMK,80567,78842,1725,GEN,Kongu,2021,K. NITHYANANDHAN,DMK,62013,57386,4627,GEN,Kongu,2026,True,AIADMK → DMK
124,Valparai,AMULKANDASAMI T K,AIADMK,71672,59449,12223,SC,Kongu,2021,KUTTY (ALIAS) SUDHAKAR. A,DMK,54671,45300,9371,SC,Kongu,2026,True,AIADMK → DMK
126,Madathukulam,C MAHENDRAN,AIADMK,84313,77875,6438,GEN,Kongu,2021,R JAYARAMAKRISHNAN,DMK,70458,54490,15968,GEN,Kongu,2026,True,AIADMK → DMK
127,Palani,SENTHIL KUMAR I.P,DMK,108566,78510,30056,GEN,South,2021,RAVIMANOHARAN. K,AIADMK,66986,66293,693,GEN,South,2026,True,DMK → AIADMK
128,Oddanchatram,SAKKARAPANI R,DMK,109970,81228,28742,GEN,South,2021,SAKKARAPANI. R,DMK,93099,49850,43249,GEN,South,2026,False,DMK → DMK
129,Athoor,PERIYASAMY I,DMK,165809,30238,135571,GEN,South,2021,I. PERIASAMY,DMK,106240,83872,22368,GEN,South,2026,False,DMK → DMK
131,Natham,NATHAM.R.VISWANATHAN,AIADMK,107762,95830,11932,GEN,South,2021,NATHAM VISWANATHAN R,AIADMK,85708,73839,11869,GEN,South,2026,False,AIADMK → AIADMK
132,Dindigul,SREENIVASAN.C,AIADMK,90595,72848,17747,GEN,South,2021,SENTHILKUMAR. I.P,DMK,74489,73358,1131,GEN,South,2026,True,AIADMK → DMK
133,Vedasandur,GANDHIRAJAN S,DMK,106481,88928,17553,GEN,South,2021,SAMINATHAN. T,DMK,84948,74885,10063,GEN,South,2026,False,DMK → DMK
134,Aravakurichi,ELANGO. R,DMK,93369,68553,24816,GEN,Kongu,2021,ELANGO. R,DMK,70827,51445,19382,GEN,Kongu,2026,False,DMK → DMK
135,Karur,SENTHILBALAJI V,DMK,101757,89309,12448,GEN,Kongu,2021,M.R. VIJAYABHASKAR,AIADMK,71542,69721,1821,GEN,Kongu,2026,True,DMK → AIADMK
136,Krishnarayapuram,SIVAGAMA SUNDARI.K,DMK,96540,64915,31625,SC,Kongu,2021,SATHYA. M,TVK,62378,58875,3503,SC,Kongu,2026,True,DMK → TVK
137,Kulithalai,R.Manickam,DMK,100829,77289,23540,GEN,Kongu,2021,SURIYANUR. A. CHANDRAN,DMK,68138,67559,579,GEN,Kongu,2026,False,DMK → DMK
138,Manapparai,ABDUL SAMAD P,DMK,98077,85834,12243,GEN,Delta,2021,R. KATHIRAVAN,TVK,83041,81615,1426,GEN,Delta,2026,True,DMK → TVK
139,Srirangam,Palaniyandi.M,DMK,113904,93989,19915,GEN,Delta,2021,RAMESH,TVK,103235,69645,33590,GEN,Delta,2026,True,DMK → TVK
143,Lalgudi,A.SOUNDARAPANDIAN,DMK,84914,67965,16949,GEN,Delta,2021,LEEMAROSE MARTIN,AIADMK,60795,58056,2739,GEN,Delta,2026,True,DMK → AIADMK
144,Manachanallur,S. KATHIRAVAN,DMK,116334,56716,59618,GEN,Delta,2021,KATHIRAVAN. S,DMK,81447,69083,12364,GEN,Delta,2026,False,DMK → DMK
145,Musiri,N. Thiyagarajan,DMK,90624,63788,26836,GEN,Delta,2021,M.VIGNESH,TVK,71281,53839,17442,GEN,Delta,2026,True,DMK → TVK
146,Thuraiyur,S.STALINKUMAR,DMK,87786,65715,22071,SC,Delta,2021,RAVISANKAR.M,TVK,66263,56649,9614,SC,Delta,2026,True,DMK → TVK
147,Perambalur,"PRABHAHARAN, M.",DMK,122090,91056,31034,SC,Central,2021,SIVAKUMAR. K,TVK,90882,76489,14393,SC,Central,2026,True,DMK → TVK
148,Kunnam,"SIVASANKAR, S.S.",DMK,103922,97593,6329,GEN,Central,2021,SIVASANKAR. S.S,DMK,87237,71680,15557,GEN,Central,2026,False,DMK → DMK
149,Ariyalur,CHINNAPPA K,DMK,103975,100741,3234,GEN,Central,2021,RAJENDRAN S,AIADMK,95219,70721,24498,GEN,Central,2026,True,DMK → AIADMK
150,Jayankondam,KANNAN KA SO KA,DMK,99529,94077,5452,GEN,Central,2021,VAITHILINGAM G.,PMK,88992,70502,18490,GEN,Central,2026,True,DMK → PMK
151,Tittakudi,"GANESAN,  C.V.",DMK,83726,62163,21563,SC,Central,2021,GANESAN C.V,DMK,63106,60477,2629,SC,Central,2026,False,DMK → DMK
152,Vriddhachalam,Radhakrishnan,INC,77064,76202,862,GEN,Central,2021,PREMALLATHA VIJAYAKANT,DMDK,69351,66964,2387,GEN,Central,2026,True,INC → DMDK
153,Neyveli,SABA.RAJENDRAN,DMK,75177,74200,977,GEN,Central,2021,RAJENDRAN.R,AIADMK,63731,52769,10962,GEN,Central,2026,True,DMK → AIADMK
154,Panruti,VELMURUGAN.T,DMK,93801,89104,4697,GEN,Central,2021,MOHAN. K,AIADMK,78398,67735,10663,GEN,Central,2026,True,DMK → AIADMK
155,Cuddalore,G.IYAPPAN,DMK,84563,79412,5151,GEN,Central,2021,B.RAJKUMAR,TVK,70856,55337,15519,GEN,Central,2026,True,DMK → TVK
156,Kurinjipadi,M.R.K.PANNEERSELVAM,DMK,101456,83929,17527,GEN,Central,2021,M.R.K.PANNEERSELVAM,DMK,76695,69106,7589,GEN,Central,2026,False,DMK → DMK
157,Bhuvanagiri,Arunmozhithevan. A,AIADMK,96453,88194,8259,GEN,Central,2021,ARUNMOZHITHEVAN . A,AIADMK,75707,73220,2487,GEN,Central,2026,False,AIADMK → AIADMK
158,Chidambaram,K.A. PANDIAN,AIADMK,91961,75024,16937,GEN,Central,2021,THAMIMUN ANSARI. M,DMK,69739,63992,5747,GEN,Central,2026,True,AIADMK → DMK
159,Kattumannarkoil,SINTHANAI SELVAN,VCK,86056,75491,10565,SC,Central,2021,L.E. JOTHIMANI,VCK,85179,52116,33063,SC,Central,2026,False,VCK → VCK
161,Mayiladuthurai,Rajakumar.S,INC,73642,70900,2742,GEN,Delta,2021,JAMAL MOHAMED YOUNOOS. Y.N,INC,68011,57166,10845,GEN,Delta,2026,False,INC → INC
162,Poompuhar,Nivedha M. Murugan,DMK,96102,92803,3299,GEN,Delta,2021,NIVEDHA M MURUGAN,DMK,81096,72836,8260,GEN,Delta,2026,False,DMK → DMK
163,Nagapattinam,J. Mohamed Shanavas,VCK,66281,59043,7238,GEN,Delta,2021,M.H.JAWAHIRULLAH,DMK,56305,46524,9781,GEN,Delta,2026,True,VCK → DMK
164,Kilvelur,NAGAIMAALI V P,CPI(M),67988,51003,16985,SC,Delta,2021,LATHA. T,CPI(M),56108,53830,2278,SC,Delta,2026,False,CPI(M) → CPI(M)
165,Vedaranyam,O.S.MANIAN,AIADMK,78719,66390,12329,GEN,Delta,2021,MANIAN. O.S,AIADMK,59172,51841,7331,GEN,Delta,2026,False,AIADMK → AIADMK
167,Mannargudi,RAJAA T R B,DMK,87172,49779,37393,GEN,Delta,2021,KAMARAJ. S,AMMK,68416,66850,1566,GEN,Delta,2026,True,DMK → AMMK
168,Thiruvarur,KALAIVANAN  POONDI  K.,DMK,108906,57732,51174,GEN,Delta,2021,KALAIVANAN POONDI  K,DMK,93408,75260,18148,GEN,Delta,2026,False,DMK → DMK
169,Nannilam,KAMARAJ R,AIADMK,103637,99213,4424,GEN,Delta,2021,KAMARAJ. R,AIADMK,103462,61738,41724,GEN,Delta,2026,False,AIADMK → AIADMK
171,Kumbakonam,"ANBALAGAN, G.",DMK,96057,74674,21383,GEN,Delta,2021,VINOTH,TVK,78650,77971,679,GEN,Delta,2026,True,DMK → TVK
172,Papanasam,"Dr.JAWAHIRULLAH, M.H.",DMK,86567,70294,16273,GEN,Delta,2021,A.M. SHAHJAHAN,IUML,69284,68219,1065,GEN,Delta,2026,True,DMK → IUML
173,Thiruvaiyaru,DURAI.CHANDRASEKARAN,DMK,103210,49560,53650,GEN,Delta,2021,DURAI. CHANDRASEKARAN,DMK,80425,71870,8555,GEN,Delta,2026,False,DMK → DMK
174,Thanjavur,"NEELAMEGAM, T.K.G.",DMK,103772,56623,47149,GEN,Delta,2021,R. VIJAYSARAVANAN,TVK,87705,70750,16955,GEN,Delta,2026,True,DMK → TVK
176,Pattukkottai,"ANNADURAI, K.",DMK,79065,53796,25269,GEN,Delta,2021,ANNADURAI K,DMK,65963,52209,13754,GEN,Delta,2026,False,DMK → DMK
177,Peravurani,"ASHOKKUMAR, N.",DMK,89130,65627,23503,GEN,Delta,2021,ASHOKKUMAR. N,DMK,60919,57757,3162,GEN,Delta,2026,False,DMK → DMK
178,Gandharvakottai,M.Chinnadurai,CPI(M),69710,56989,12721,SC,Delta,2021,N. SUBRAMANIAN,TVK,58795,47756,11039,SC,Delta,2026,True,CPI(M) → TVK
179,Viralimalai,VIJAYA BASKER C,AIADMK,102179,78581,23598,GEN,Delta,2021,VIJAYABASKAR. C,AIADMK,105773,43700,62073,GEN,Delta,2026,False,AIADMK → AIADMK
180,Pudukkottai,V . MUTHURAJA,DMK,85802,72801,13001,GEN,Delta,2021,V. MUTHURAJA,DMK,66825,64958,1867,GEN,Delta,2026,False,DMK → DMK
181,Thirumayam,S.REGUPATHY,DMK,71349,69967,1382,GEN,Delta,2021,REGUPATHY.S,DMK,58201,56709,1492,GEN,Delta,2026,False,DMK → DMK
182,Alangudi,SIVA.V.MEYYANATHAN,DMK,87935,62088,25847,GEN,Delta,2021,SIVA.V.MEYYANATHAN,DMK,64929,51952,12977,GEN,Delta,2026,False,DMK → DMK
184,Karaikudi,S.Mangudi,INC,75954,54365,21589,GEN,South,2021,DR.PRABHU. TK,TVK,101358,55284,46074,GEN,South,2026,True,INC → TVK
185,Tiruppattur,KR.PERIYAKARUPPAN,DMK,103682,66308,37374,GEN,South,2021,SEENIVASA SETHUPATHY. R,TVK,83375,83374,1,GEN,South,2026,True,DMK → TVK
186,Sivaganga,PR. Senthilnathan,AIADMK,82153,70900,11253,GEN,South,2021,KULANTHAI RANI A,TVK,73737,58656,15081,GEN,South,2026,True,AIADMK → TVK
187,Manamadurai,Tamilarasi A.,DMK,89364,75273,14091,SC,South,2021,ELANGOVAN.D,TVK,69971,68763,1208,SC,South,2026,True,DMK → TVK
188,Melur,PERIYAPULLAN @ SELVAM  P.,AIADMK,83344,48182,35162,GEN,South,2021,P.VISWANATHAN,INC,60080,57356,2724,GEN,South,2026,True,AIADMK → INC
189,Madurai East,MOORTHY P,DMK,122729,73125,49604,GEN,South,2021,KARTHIKEYAN S,TVK,118777,102230,16547,GEN,South,2026,True,DMK → TVK
190,Sholavandan,VENKATESAN A,DMK,84240,67195,17045,SC,South,2021,KARUPPAIAH.M.V,TVK,63907,61229,2678,SC,South,2026,True,DMK → TVK
191,Madurai North,THALAPATHI G,DMK,73010,50094,22916,GEN,South,2021,A.KALLANAI,TVK,72853,54815,18038,GEN,South,2026,True,DMK → TVK
192,Madurai South,BOOMINATHAN.M,DMK,62812,56297,6515,GEN,South,2021,M.M.GOPISON,TVK,62415,40886,21529,GEN,South,2026,True,DMK → TVK
193,Madurai Central,PALANIVEL THIAGA RAJAN,DMK,73205,39029,34176,GEN,South,2021,MADHAR BADHURUDEEN,TVK,63414,44286,19128,GEN,South,2026,True,DMK → TVK
194,Madurai West,RAJU. K,AIADMK,83883,74762,9121,GEN,South,2021,THANGAPANDI SR,TVK,88250,76319,11931,GEN,South,2026,True,AIADMK → TVK
195,Thiruparankundram,"RAJANCHELLAPPA, V.V.",AIADMK,103683,74194,29489,GEN,South,2021,NIRMALKUMAR. R.,TVK,114316,72763,41553,GEN,South,2026,True,AIADMK → TVK
196,Thirumangalam,UDHAYAKUMAR R B,AIADMK,100338,86251,14087,GEN,South,2021,MANIMARAN.M,DMK,88291,64484,23807,GEN,South,2026,True,AIADMK → DMK
197,Usilampatti,AYYAPPAN P,AIADMK,71255,63778,7477,GEN,South,2021,VIJAY. M,TVK,65743,63938,1805,GEN,South,2026,True,AIADMK → TVK
198,Andipatti,A.MAHARAJAN,DMK,93541,85003,8538,GEN,South,2021,MAHARAJAN.A,DMK,74324,64770,9554,GEN,South,2026,False,DMK → DMK
199,Periyakulam,K.S.SARAVANAKUMAAR,DMK,92251,70930,21321,SC,South,2021,SABARI IYNGARAN G.,TVK,85656,66335,19321,SC,South,2026,True,DMK → TVK
200,Bodinayakanur,O.PANNEERSELVAM,AIADMK,100050,89029,11021,GEN,South,2021,PANNEERSELVAM.O,DMK,85206,78401,6805,GEN,South,2026,True,AIADMK → DMK
201,Cumbum,N.Ramakrishnan,DMK,104800,62387,42413,GEN,South,2021,JEGANATHMISHRA PLA,TVK,85394,84643,751,GEN,South,2026,True,DMK → TVK
202,Rajapalayam,THANGAPANDIAN S.,DMK,74158,70260,3898,GEN,South,2021,JEGADESHWARI. K,TVK,65548,54943,10605,GEN,South,2026,True,DMK → TVK
203,Srivilliputhur,"MANRAJ, E.M.",AIADMK,70475,57737,12738,SC,South,2021,KARTHIK.A,TVK,65653,57072,8581,SC,South,2026,True,AIADMK → TVK
204,Sattur,"RAGHURAMAN,  A.R.R.",DMK,74174,62995,11179,GEN,South,2021,KADARKARAIRAJ. A,DMK,62060,56071,5989,GEN,South,2026,False,DMK → DMK
205,Sivakasi,Ashokan.G,INC,78947,61628,17319,GEN,South,2021,KEERTHANA S,TVK,68709,57039,11670,GEN,South,2026,True,INC → TVK
206,Virudhunagar,SEENIVASAN A.R.R,DMK,73297,51958,21339,GEN,South,2021,SELVAM P,TVK,63653,54262,9391,GEN,South,2026,True,DMK → TVK
208,Tiruchuli,THANGAM THENARASU,DMK,102225,41233,60992,GEN,South,2021,THANGAM THENARASU,DMK,75085,61600,13485,GEN,South,2026,False,DMK → DMK
209,Paramakudi,MURUGESAN S,DMK,84864,71579,13285,SC,South,2021,ADVOCATE. KATHIRAVAN. K.K,DMK,59161,55613,3548,SC,South,2026,False,DMK → DMK
210,Tiruvadanai,KARUMANICKAM,INC,79364,65512,13852,GEN,South,2021,RAJEEV,TVK,69551,67038,2513,GEN,South,2026,True,INC → TVK
211,Ramanathapuram,KATHARBATCHA MUTHURAMALINGAM,DMK,111082,60603,50479,GEN,South,2021,KATHARBATCHA MUTHURAMALINGAM,DMK,89137,76678,12459,GEN,South,2026,False,DMK → DMK
213,Vilathikulam,MARKANDAYAN V,DMK,90348,51799,38549,GEN,South,2021,MARKANDAYAN G V,DMK,58395,50167,8228,GEN,South,2026,False,DMK → DMK
214,Thoothukkudi,P.Geetha Jeevan,DMK,92314,42004,50310,GEN,South,2021,SRINATH,TVK,100536,62805,37731,GEN,South,2026,True,DMK → TVK
215,Tiruchendur,Anitha R. Radhakrishnan,DMK,88274,63011,25263,GEN,South,2021,ANITHA R. RADHAKRISHNAN,DMK,72723,66851,5872,GEN,South,2026,False,DMK → DMK
216,Srivaikuntam,Amirtharaj .S,INC,76843,59471,17372,GEN,South,2021,SARAVANAN. G,TVK,58814,57628,1186,GEN,South,2026,True,INC → TVK
217,Ottapidaram,SHUNMUGAIAH C,DMK,73110,64600,8510,SC,South,2021,P .MATHANRAJA,TVK,81625,52542,29083,SC,South,2026,True,DMK → TVK
218,Kovilpatti,KADAMBUR RAJU,AIADMK,68556,56153,12403,GEN,South,2021,KARUNANITHI.K,DMK,61643,60800,843,GEN,South,2026,True,AIADMK → DMK
219,Sankarankovil,RAJA E,DMK,71347,66050,5297,SC,South,2021,DR. DHILIPAN JAISHANKAR,AIADMK,64865,58376,6489,SC,South,2026,True,DMK → AIADMK
220,Vasudevanallur,"SADHAN THIRUMALAIKUMAR, DOCTOR.T",DMK,68730,66363,2367,SC,South,2021,E. RAJA,DMK,63045,56462,6583,SC,South,2026,False,DMK → DMK
221,Kadayanallur,C.KRISHNAMURALI,AIADMK,88474,64125,24349,GEN,South,2021,RAJENDRAN. T. M,DMK,79832,73579,6253,GEN,South,2026,True,AIADMK → DMK
222,Tenkasi,PALANI NADAR.S,INC,89315,88945,370,GEN,South,2021,DR.KALAI KATHIRAVAN,DMK,79699,69400,10299,GEN,South,2026,True,INC → DMK
223,Alangulam,PAUL MANOJ PANDIAN,AIADMK,74153,70614,3539,GEN,South,2021,PAUL MANOJ PANDIAN,DMK,69170,61372,7798,GEN,South,2026,True,AIADMK → DMK
224,Tirunelveli,Nainar Nagenthran,BJP,92282,69175,23107,GEN,South,2021,MURUGHAN.R.S.,TVK,75840,64426,11414,GEN,South,2026,True,BJP → TVK
225,Ambasamudram,E.SUBAYA,AIADMK,85211,68296,16915,GEN,South,2021,DR.ESAKKI SUBAYA,AIADMK,65589,55344,10245,GEN,South,2026,False,AIADMK → AIADMK
227,Nanguneri,RUBY R MANOHARAN,INC,75902,59416,16486,GEN,South,2021,REDDIARPATTI V. NARAYANAN,TVK,74952,58533,16419,GEN,South,2026,True,INC → TVK
228,Radhapuram,M.Appavu,DMK,82331,76406,5925,GEN,South,2021,DR.SATHISH CHRISTOPHER,TVK,69947,57634,12313,GEN,South,2026,True,DMK → TVK
229,Kanniyakumari,THALAVAI SUNDARAM N.,AIADMK,109745,93532,16213,GEN,South,2021,THALAVAI SUNDARAM. N,AIADMK,75045,74831,214,GEN,South,2026,False,AIADMK → AIADMK
230,Nagercoil,Gandhi M.R.,BJP,88804,77135,11669,GEN,South,2021,AUSTIN,DMK,69880,62310,7570,GEN,South,2026,True,BJP → DMK
232,Padmanabhapuram,"Mano Thangaraj, T.",DMK,87744,60859,26885,GEN,South,2021,CHELLASWAMY. R,CPI(M),68938,53369,15569,GEN,South,2026,True,DMK → CPI(M)
233,Vilavancode,VIJAYADHARANI S,INC,87473,58804,28669,GEN,South,2021,PRAVEEN T.T,INC,70755,49785,20970,GEN,South,2026,False,INC → INC
234,Killiyoor,RAJESH KUMAR  S,INC,101541,46141,55400,GEN,South,2021,RAJESH KUMAR. S,INC,66434,65123,1311,GEN,South,2026,False,INC → INC
